{
  "n": {
    "axis_1_actual_position": 386.946,
    "axis_2_actual_position": 386.946,
    "axis_3_actual_position": 480.76,
    "axis_4_actual_position": 445.0,
    "axis_5_actual_position": 398.4,
    "axis_6_actual_position": 240.0
  },
  "dh": {
    "1": {"a": 0.0, "d": 630.0, "alpha": -1.5707963267948966, "theta": 0.0},
    "2": {"a": 1094.0, "d": 0.0, "alpha": 0.0, "theta": 0.0},
    "3": {"a": 0.0, "d": 0.0, "alpha": -1.5707963267948966, "theta": 0.0},
    "4": {"a": 0.0, "d": 1166.0, "alpha": 1.5707963267948966, "theta": 0.0},
    "5": {"a": 0.0, "d": 0.0, "alpha": 1.5707963267948966, "theta": 0.0},
    "6": {"a": 0.0, "d": 157.0, "alpha": 0.0, "theta": 0.0},
    "7": {"a": 0.0, "d": 0.0, "alpha": 0.0, "theta": 0.0},
    "8": {"a": 0.0, "d": 0.0, "alpha": 0.0, "theta": 0.0}
  },
  "dh_2_axe": {
    "1": {"a": 0.0, "d": 630.0, "alpha": -1.5707963267948966, "theta": 0.0},
    "2": {"a": 1094.0, "d": 0.0, "alpha": 0.0, "theta": 0.0},
    "3": {"a": 0.0, "d": 0.0, "alpha": 0.0, "theta": 0.0},
    "4": {"a": 0.0, "d": 0.0, "alpha": 0.0, "theta": 0.0},
    "5": {"a": 0.0, "d": 0.0, "alpha": 0.0, "theta": 0.0},
    "6": {"a": 0.0, "d": 0.0, "alpha": 0.0, "theta": 0.0},
    "7": {"a": 0.0, "d": 0.0, "alpha": 0.0, "theta": 0.0},
    "8": {"a": 0.0, "d": 0.0, "alpha": 0.0, "theta": 0.0}
  },
  "dh_gripper_up": {
    "1": {"a": 0.0, "d": 630.0, "alpha": -1.5707963267948966, "theta": 0.0},
    "2": {"a": 1094.0, "d": 0.0, "alpha": 0.0, "theta": 0.0},
    "3": {"a": 0.0, "d": 0.0, "alpha": -1.5707963267948966, "theta": 0.0},
    "4": {"a": 0.0, "d": 1166.0, "alpha": 1.5707963267948966, "theta": 0.0},
    "5": {"a": 0.0, "d": 0.0, "alpha": 1.5707963267948966, "theta": 0.0},
    "6": {"a": 0.0, "d": 157.0, "alpha": 0.0, "theta": 0.0},
    "7": {"a": 0.0, "d": 218.0, "alpha": 0.0, "theta": 0.0},
    "8": {"a": -960.0, "d": 0.0, "alpha": 0.0, "theta": 0.0}
  },
  "dh_gripper_centre": {
    "1": {"a": 0.0, "d": 630.0, "alpha": -1.5707963267948966, "theta": 0.0},
    "2": {"a": 1094.0, "d": 0.0, "alpha": 0.0, "theta": 0.0},
    "3": {"a": 0.0, "d": 0.0, "alpha": -1.5707963267948966, "theta": 0.0},
    "4": {"a": 0.0, "d": 1166.0, "alpha": 1.5707963267948966, "theta": 0.0},
    "5": {"a": 0.0, "d": 0.0, "alpha": 1.5707963267948966, "theta": 0.0},
    "6": {"a": 0.0, "d": 157.0, "alpha": 0.0, "theta": 0.0},
    "7": {"a": 0.0, "d": 218.0, "alpha": 0.0, "theta": 0.0},
    "8": {"a": 0.0, "d": 0.0, "alpha": 0.0, "theta": 0.0}
  },
  "dh_gripper_down": {
    "1": {"a": 0.0, "d": 630.0, "alpha": -1.5707963267948966, "theta": 0.0},
    "2": {"a": 1094.0, "d": 0.0, "alpha": 0.0, "theta": 0.0},
    "3": {"a": 0.0, "d": 0.0, "alpha": -1.5707963267948966, "theta": 0.0},
    "4": {"a": 0.0, "d": 1166.0, "alpha": 1.5707963267948966, "theta": 0.0},
    "5": {"a": 0.0, "d": 0.0, "alpha": 1.5707963267948966, "theta": 0.0},
    "6": {"a": 0.0, "d": 157.0, "alpha": 0.0, "theta": 0.0},
    "7": {"a": 0.0, "d": 218.0, "alpha": 0.0, "theta": 0.0},
    "8": {"a": 960.0, "d": 0.0, "alpha": 0.0, "theta": 0.0}
  },
  "axes_limits": {
    "axis_1": [-170, 170],
    "axis_2": [-180, 180],
    "axis_3": [-180, 180],
    "axis_4": [-180, 180],
    "axis_5": [-180, 180],
    "axis_6": [-180, 180]
  },
  "TOOL": {
    "offset_X": 960,
    "offset_Y": 0,
    "offset_Z": 218
  }
}
